Town,OverallScore
DELABOLE,639.6744736842105
CAMBORNE,639.2242037383178
ST COLUMB,626.2510062893082
PAR,618.74875
PENRYN,612.7632216494845
LISKEARD,611.5070142602495
SALTASH,608.0332538265307
CALLINGTON,607.0006004901961
LAUNCESTON,602.4517796803652
ST AUSTELL,602.4415545200372
